{
  "hash": "ab9301ef",
  "configHash": "c31a3c3c",
  "lockfileHash": "83e15172",
  "browserHash": "27822125",
  "optimized": {
    "@angular/common": {
      "src": "../../../../../node_modules/@angular/common/fesm2022/common.mjs",
      "file": "@angular_common.js",
      "fileHash": "463b195a",
      "needsInterop": false
    },
    "@angular/common/http": {
      "src": "../../../../../node_modules/@angular/common/fesm2022/http.mjs",
      "file": "@angular_common_http.js",
      "fileHash": "a0efc90f",
      "needsInterop": false
    },
    "@angular/core": {
      "src": "../../../../../node_modules/@angular/core/fesm2022/core.mjs",
      "file": "@angular_core.js",
      "fileHash": "7657cfcf",
      "needsInterop": false
    },
    "@angular/forms": {
      "src": "../../../../../node_modules/@angular/forms/fesm2022/forms.mjs",
      "file": "@angular_forms.js",
      "fileHash": "e501bb4a",
      "needsInterop": false
    },
    "@angular/platform-browser": {
      "src": "../../../../../node_modules/@angular/platform-browser/fesm2022/platform-browser.mjs",
      "file": "@angular_platform-browser.js",
      "fileHash": "2dd294b1",
      "needsInterop": false
    },
    "@angular/router": {
      "src": "../../../../../node_modules/@angular/router/fesm2022/router.mjs",
      "file": "@angular_router.js",
      "fileHash": "dc3b96e9",
      "needsInterop": false
    },
    "sweetalert2": {
      "src": "../../../../../node_modules/sweetalert2/dist/sweetalert2.all.js",
      "file": "sweetalert2.js",
      "fileHash": "2339a4d3",
      "needsInterop": true
    }
  },
  "chunks": {
    "chunk-FXWBMJUI": {
      "file": "chunk-FXWBMJUI.js"
    },
    "chunk-QS3T7M7Z": {
      "file": "chunk-QS3T7M7Z.js"
    },
    "chunk-7IMWIJBK": {
      "file": "chunk-7IMWIJBK.js"
    },
    "chunk-DMY4Q3ML": {
      "file": "chunk-DMY4Q3ML.js"
    },
    "chunk-WKYGNSYM": {
      "file": "chunk-WKYGNSYM.js"
    }
  }
}